{
  "name": "UNSW+NSL -> CICIDS2017",
  "test_rows": 2830743,
  "test_distribution": {
    "0": 2273097,
    "1": 557646
  },
  "results": {
    "Signature IDS": {
      "accuracy": 0.5333543172234286,
      "precision": 0.6833456881100383,
      "recall": 0.5333543172234286,
      "f1_score": 0.5808663047277619,
      "roc_auc": 0.47160744909568153,
      "latency_ms_per_flow": 0.0004397786455001551
    },
    "Random Forest": {
      "accuracy": 0.585148139552054,
      "precision": 0.6555391580010301,
      "recall": 0.5851481395520539,
      "f1_score": 0.6153417736557404,
      "roc_auc": 0.46209879384050767,
      "latency_ms_per_flow": 0.005979939776542172
    },
    "LSTM": {
      "accuracy": 0.8030036637024273,
      "precision": 0.6448148839195209,
      "recall": 0.8030036637024273,
      "f1_score": 0.715267413927943,
      "roc_auc": 0.2903586880876689,
      "latency_ms_per_flow": 0.040554334797586
    },
    "Transformer": {
      "accuracy": 0.8022688742849492,
      "precision": 0.645824179693765,
      "recall": 0.8022688742849492,
      "f1_score": 0.7149122891183681,
      "roc_auc": 0.4885763463751746,
      "latency_ms_per_flow": 0.07620675993299149
    },
    "Drift-Adaptive Hybrid": {
      "accuracy": 0.7425545166057109,
      "precision": 0.6413158361896686,
      "recall": 0.7425545166057109,
      "f1_score": 0.6869364684858703,
      "roc_auc": 0.4041427506000495,
      "latency_ms_per_flow": 0.26295249430556095
    }
  },
  "static_hybrid": {
    "accuracy": 0.5764680862939519,
    "precision": 0.6709560702404544,
    "recall": 0.5764680862939519,
    "f1_score": 0.6134703138445888,
    "roc_auc": 0.47546482370979765,
    "latency_ms_per_flow": 0.12403162971944917
  }
}