{
  "name": "UNSW+NSL -> CSE-CIC-IDS2018",
  "test_rows": 505156,
  "test_distribution": {
    "0": 50000,
    "1": 455156
  },
  "results": {
    "Signature IDS": {
      "accuracy": 0.5794526839233821,
      "precision": 0.8419306425101372,
      "recall": 0.5794526839233821,
      "f1_score": 0.6637466716298156,
      "roc_auc": 0.5572573004640168,
      "latency_ms_per_flow": 0.0005051201175850414
    },
    "Random Forest": {
      "accuracy": 0.22449698706934096,
      "precision": 0.7541113443277464,
      "recall": 0.22449698706934096,
      "f1_score": 0.2757712245649519,
      "roc_auc": 0.5353176845521094,
      "latency_ms_per_flow": 0.007831007323488848
    },
    "LSTM": {
      "accuracy": 0.09897932519855253,
      "precision": 0.009796906816760815,
      "recall": 0.09897932519855253,
      "f1_score": 0.017829101225340722,
      "roc_auc": 0.23335994852314376,
      "latency_ms_per_flow": 0.06423931217606575
    },
    "Transformer": {
      "accuracy": 0.09875959109661174,
      "precision": 0.4296936950658891,
      "recall": 0.09875959109661174,
      "f1_score": 0.020586553840818835,
      "roc_auc": 0.263691410769055,
      "latency_ms_per_flow": 0.085340216799068
    },
    "Drift-Adaptive Hybrid": {
      "accuracy": 0.11893751633158865,
      "precision": 0.685301643801912,
      "recall": 0.11893751633158865,
      "f1_score": 0.07391850474031159,
      "roc_auc": 0.38700721688827566,
      "latency_ms_per_flow": 0.34202680126801016
    }
  },
  "static_hybrid": {
    "accuracy": 0.22553824957042973,
    "precision": 0.7492058921596227,
    "recall": 0.22553824957042973,
    "f1_score": 0.27905203353909364,
    "roc_auc": 0.5024687006432959,
    "latency_ms_per_flow": 0.1630821736711141
  }
}